select
        `xxx` as sss ,
        `ssss` as ss
    from
        xxx
    where
        xxx = afsd

    select ...........